species,date,confidence,alert_count,area_ha
pongo_tapanuliensis,2025-08-07,high,1892,23.2782
pongo_tapanuliensis,2025-08-07,highest,142,1.7471
pongo_tapanuliensis,2025-08-07,nominal,26,0.3199
pongo_tapanuliensis,2025-08-13,high,287,3.5311
pongo_tapanuliensis,2025-08-13,highest,35,0.4306
pongo_tapanuliensis,2025-08-13,nominal,5,0.0615
pongo_tapanuliensis,2025-08-19,high,1358,16.7081
pongo_tapanuliensis,2025-08-19,highest,137,1.6856
pongo_tapanuliensis,2025-08-19,nominal,22,0.2707
pongo_tapanuliensis,2025-08-25,high,26,0.3199
pongo_tapanuliensis,2025-08-25,highest,1,0.0123
pongo_tapanuliensis,2025-08-28,high,6,0.0738
pongo_tapanuliensis,2025-08-31,nominal,20,0.2461
pongo_tapanuliensis,2025-08-31,high,806,9.9166
pongo_tapanuliensis,2025-08-31,highest,94,1.1565
pongo_tapanuliensis,2025-09-06,high,53,0.6521
pongo_tapanuliensis,2025-09-06,highest,4,0.0492
pongo_tapanuliensis,2025-09-06,nominal,2,0.0246
pongo_tapanuliensis,2025-09-12,high,476,5.8565
pongo_tapanuliensis,2025-09-12,highest,93,1.1442
pongo_tapanuliensis,2025-09-12,nominal,11,0.1353
pongo_tapanuliensis,2025-09-18,high,20,0.2461
pongo_tapanuliensis,2025-09-22,highest,25,0.3076
pongo_tapanuliensis,2025-09-22,high,155,1.907
pongo_tapanuliensis,2025-09-24,highest,30,0.3691
pongo_tapanuliensis,2025-09-24,nominal,7,0.0861
pongo_tapanuliensis,2025-09-24,high,285,3.5065
pongo_tapanuliensis,2025-09-30,high,45,0.5537
pongo_tapanuliensis,2025-09-30,highest,11,0.1353
pongo_tapanuliensis,2025-09-30,nominal,1,0.0123
pongo_tapanuliensis,2025-10-06,high,473,5.8195
pongo_tapanuliensis,2025-10-06,highest,103,1.2673
pongo_tapanuliensis,2025-10-06,nominal,11,0.1353
pongo_tapanuliensis,2025-10-08,high,50,0.6152
pongo_tapanuliensis,2025-10-08,highest,7,0.0861
pongo_tapanuliensis,2025-10-12,high,31,0.3814
pongo_tapanuliensis,2025-10-12,highest,5,0.0615
pongo_tapanuliensis,2025-10-18,nominal,6,0.0738
pongo_tapanuliensis,2025-10-18,high,230,2.8298
pongo_tapanuliensis,2025-10-18,highest,45,0.5537
pongo_tapanuliensis,2025-10-24,high,124,1.5256
pongo_tapanuliensis,2025-10-24,highest,7,0.0861
pongo_tapanuliensis,2025-10-30,high,994,12.2297
pongo_tapanuliensis,2025-10-30,highest,204,2.5099
pongo_tapanuliensis,2025-10-30,nominal,13,0.1599
pongo_tapanuliensis,2025-11-01,high,207,2.5468
pongo_tapanuliensis,2025-11-01,highest,79,0.972
pongo_tapanuliensis,2025-11-05,highest,49,0.6029
pongo_tapanuliensis,2025-11-05,high,272,3.3466
pongo_tapanuliensis,2025-11-11,highest,407,5.0075
pongo_tapanuliensis,2025-11-11,nominal,17,0.2092
pongo_tapanuliensis,2025-11-11,high,1716,21.1128
pongo_tapanuliensis,2025-11-23,nominal,40,0.4921
pongo_tapanuliensis,2025-11-23,high,2154,26.5017
pongo_tapanuliensis,2025-11-23,highest,565,6.9515
pongo_tapanuliensis,2025-11-29,high,3679,45.2645
pongo_tapanuliensis,2025-11-29,highest,803,9.8797
pongo_tapanuliensis,2025-11-29,nominal,17,0.2092
pongo_tapanuliensis,2025-12-05,high,66271,815.3642
pongo_tapanuliensis,2025-12-05,highest,25558,314.4524
pongo_tapanuliensis,2025-12-05,nominal,181,2.2269
pongo_tapanuliensis,2025-12-06,high,21368,262.9008
pongo_tapanuliensis,2025-12-06,highest,6813,83.8236
pongo_tapanuliensis,2025-12-06,nominal,229,2.8175
pongo_tapanuliensis,2025-12-10,highest,2,0.0246
pongo_tapanuliensis,2025-12-10,high,8,0.0984
pongo_tapanuliensis,2025-12-11,high,1730,21.285
pongo_tapanuliensis,2025-12-11,highest,182,2.2392
pongo_tapanuliensis,2025-12-11,nominal,14,0.1722
pongo_tapanuliensis,2025-12-17,high,11260,138.5372
pongo_tapanuliensis,2025-12-17,highest,2470,30.3896
pongo_tapanuliensis,2025-12-17,nominal,60,0.7382
pongo_tapanuliensis,2025-12-23,high,1044,12.8448
pongo_tapanuliensis,2025-12-23,highest,86,1.0581
pongo_tapanuliensis,2025-12-23,nominal,15,0.1845
pongo_tapanuliensis,2025-12-27,highest,115,1.4149
pongo_tapanuliensis,2025-12-27,high,52,0.6398
pongo_tapanuliensis,2025-12-29,nominal,215,2.6452
pongo_tapanuliensis,2025-12-29,high,26719,328.7368
pongo_tapanuliensis,2025-12-29,highest,5176,63.6828
pongo_tapanuliensis,2026-01-04,high,1261,15.5147
pongo_tapanuliensis,2026-01-04,highest,62,0.7628
pongo_tapanuliensis,2026-01-04,nominal,18,0.2215
pongo_tapanuliensis,2026-01-10,high,13676,168.2625
pongo_tapanuliensis,2026-01-10,highest,2278,28.0273
pongo_tapanuliensis,2026-01-10,nominal,191,2.35
pongo_tapanuliensis,2026-01-12,high,945,11.6268
pongo_tapanuliensis,2026-01-12,highest,567,6.9761
pongo_tapanuliensis,2026-01-16,nominal,9,0.1107
pongo_tapanuliensis,2026-01-16,high,627,7.7143
pongo_tapanuliensis,2026-01-16,highest,46,0.566
pongo_tapanuliensis,2026-01-19,high,16,0.1969
pongo_tapanuliensis,2026-01-22,high,16951,208.5564
pongo_tapanuliensis,2026-01-22,highest,3165,38.9405
pongo_tapanuliensis,2026-01-22,nominal,241,2.9651
pongo_tapanuliensis,2026-01-27,nominal,41,0.5044
pongo_tapanuliensis,2026-01-27,high,249,3.0636
pongo_tapanuliensis,2026-01-27,highest,94,1.1565
pongo_tapanuliensis,2026-01-28,highest,11835,145.6117
pongo_tapanuliensis,2026-01-28,nominal,7628,93.851
pongo_tapanuliensis,2026-01-28,high,9498,116.8585
pongo_tapanuliensis,2026-02-03,highest,333,4.0971
pongo_tapanuliensis,2026-02-03,nominal,120,1.4764
pongo_tapanuliensis,2026-02-03,high,5255,64.6548
pongo_tapanuliensis,2026-02-05,nominal,128,1.5748
pongo_tapanuliensis,2026-02-05,highest,98,1.2057
pongo_tapanuliensis,2026-02-05,high,118,1.4518
pongo_tapanuliensis,2026-02-13,high,1648,20.2761
pongo_tapanuliensis,2026-02-13,highest,1976,24.3117
pongo_tapanuliensis,2026-02-13,nominal,1724,21.2112
pongo_tapanuliensis,2026-02-15,high,5535,68.0998
pongo_tapanuliensis,2026-02-15,highest,264,3.2481
pongo_tapanuliensis,2026-02-15,nominal,143,1.7594
pongo_tapanuliensis,2026-02-21,high,365,4.4908
pongo_tapanuliensis,2026-02-21,highest,10,0.123
pongo_tapanuliensis,2026-02-21,nominal,3,0.0369
pongo_tapanuliensis,2026-02-27,highest,176,2.1654
pongo_tapanuliensis,2026-02-27,nominal,69,0.8489
pongo_tapanuliensis,2026-02-27,high,3222,39.6418
pongo_tapanuliensis,2026-03-01,high,2807,34.5359
pongo_tapanuliensis,2026-03-01,highest,4796,59.0075
pongo_tapanuliensis,2026-03-01,nominal,6688,82.2857
pongo_tapanuliensis,2026-03-08,high,67,0.8243
pongo_tapanuliensis,2026-03-08,highest,28,0.3445
pongo_tapanuliensis,2026-03-08,nominal,56,0.689
pongo_tapanuliensis,2026-03-09,highest,2,0.0246
pongo_tapanuliensis,2026-03-09,nominal,17,0.2092
pongo_tapanuliensis,2026-03-11,nominal,125,1.5379
pongo_tapanuliensis,2026-03-11,high,6014,73.9932
pongo_tapanuliensis,2026-03-11,highest,189,2.3254
pongo_tapanuliensis,2026-03-17,highest,1061,13.054
pongo_tapanuliensis,2026-03-17,nominal,1881,23.1429
pongo_tapanuliensis,2026-03-17,high,471,5.7949
pongo_tapanuliensis,2026-03-23,high,4168,51.2809
pongo_tapanuliensis,2026-03-23,highest,71,0.8736
pongo_tapanuliensis,2026-03-23,nominal,120,1.4764
pongo_tapanuliensis,2026-03-25,high,38,0.4675
pongo_tapanuliensis,2026-03-25,highest,124,1.5256
pongo_tapanuliensis,2026-03-25,nominal,325,3.9986
pongo_tapanuliensis,2026-04-04,high,7922,97.4682
pongo_tapanuliensis,2026-04-04,highest,113,1.3903
pongo_tapanuliensis,2026-04-04,nominal,183,2.2515
pongo_tapanuliensis,2026-04-05,highest,238,2.9282
pongo_tapanuliensis,2026-04-05,high,8566,105.3916
pongo_tapanuliensis,2026-04-05,nominal,302,3.7157
pongo_tapanuliensis,2026-04-10,nominal,24,0.2953
pongo_tapanuliensis,2026-04-10,high,590,7.2591
pongo_tapanuliensis,2026-04-10,highest,9,0.1107
pongo_tapanuliensis,2026-04-16,high,3480,42.8161
pongo_tapanuliensis,2026-04-16,highest,91,1.1196
pongo_tapanuliensis,2026-04-16,nominal,105,1.2919
pongo_tapanuliensis,2026-04-17,high,1,0.0123
pongo_tapanuliensis,2026-04-22,nominal,27,0.3322
pongo_tapanuliensis,2026-04-22,high,627,7.7143
pongo_tapanuliensis,2026-04-22,highest,6,0.0738
pongo_tapanuliensis,2026-04-26,highest,29,0.3568
pongo_tapanuliensis,2026-04-26,nominal,107,1.3165
pongo_tapanuliensis,2026-04-26,high,28,0.3445
pongo_tapanuliensis,2026-04-28,nominal,2526,31.0786
pongo_tapanuliensis,2026-04-28,high,6198,76.257
pongo_tapanuliensis,2026-04-28,highest,178,2.19
pongo_tapanuliensis,2026-05-10,high,7034,86.5427
pongo_tapanuliensis,2026-05-10,highest,148,1.8209
pongo_tapanuliensis,2026-05-10,nominal,3552,43.702
pongo_tapanuliensis,2026-05-20,high,231,2.8421
pongo_tapanuliensis,2026-05-20,highest,219,2.6945
pongo_tapanuliensis,2026-05-20,nominal,438,5.3889
pongo_tapanuliensis,2026-05-22,high,6100,75.0513
pongo_tapanuliensis,2026-05-22,highest,116,1.4272
pongo_tapanuliensis,2026-05-22,nominal,4702,57.851
pongo_tapanuliensis,2026-05-27,highest,30,0.3691
pongo_tapanuliensis,2026-05-27,nominal,88,1.0827
pongo_tapanuliensis,2026-05-27,high,25,0.3076
pongo_tapanuliensis,2026-05-28,high,254,3.1251
pongo_tapanuliensis,2026-05-28,highest,524,6.447
pongo_tapanuliensis,2026-05-28,nominal,2153,26.4894
pongo_tapanuliensis,2026-06-03,high,6093,74.9651
pongo_tapanuliensis,2026-06-03,highest,117,1.4395
pongo_tapanuliensis,2026-06-03,nominal,6342,78.0287
pongo_tapanuliensis,2026-06-13,nominal,4,0.0492
pongo_tapanuliensis,2026-06-15,high,2057,25.3083
pongo_tapanuliensis,2026-06-15,highest,85,1.0458
pongo_tapanuliensis,2026-06-15,nominal,3073,37.8086
pongo_tapanuliensis,2026-06-20,nominal,21,0.2584
pongo_tapanuliensis,2026-06-27,nominal,6339,77.9918
pongo_tapanuliensis,2026-06-27,highest,154,1.8947
pongo_tapanuliensis,2026-06-27,high,2658,32.7027
pongo_tapanuliensis,2026-06-28,high,281,3.4573
pongo_tapanuliensis,2026-06-28,highest,3,0.0369
pongo_tapanuliensis,2026-06-28,nominal,311,3.8264
pongo_tapanuliensis,2026-07-04,high,2839,34.9296
pongo_tapanuliensis,2026-07-04,highest,142,1.7471
pongo_tapanuliensis,2026-07-04,nominal,9897,121.7676
pongo_tapanuliensis,2026-07-05,high,12348,151.9234
pongo_tapanuliensis,2026-07-05,highest,565,6.9515
pongo_tapanuliensis,2026-07-05,nominal,23991,295.1729
pongo_tapanuliensis,2026-07-07,nominal,1479,18.1969
pongo_tapanuliensis,2026-07-07,highest,42,0.5168
pongo_tapanuliensis,2026-07-07,high,124,1.5256
pongo_tapanuliensis,2026-07-10,high,189,2.3254
pongo_tapanuliensis,2026-07-10,highest,2,0.0246
pongo_tapanuliensis,2026-07-10,nominal,558,6.8653
pongo_tapanuliensis,2026-07-16,high,329,4.0479
pongo_tapanuliensis,2026-07-16,highest,28,0.3445
pongo_tapanuliensis,2026-07-16,nominal,4200,51.6746
pongo_tapanuliensis,2026-07-17,high,19,0.2338
pongo_tapanuliensis,2026-07-17,highest,10,0.123
pongo_tapanuliensis,2026-07-17,nominal,2629,32.3459
pongo_tapanuliensis,2026-07-22,highest,1,0.0123
pongo_tapanuliensis,2026-07-22,nominal,123,1.5133
pongo_tapanuliensis,2026-07-22,high,2,0.0246
pongo_tapanuliensis,2026-07-23,nominal,2046,25.1729
